{
    "meta": {
        "version": "5.5",
        "timestamp": "2021-09-19T18:41:03.161582",
        "branch_coverage": false,
        "show_contexts": false
    },
    "files": {
        "venv/lib/python3.8/site-packages/_virtualenv.py": {
            "executed_lines": [
                55
            ],
            "summary": {
                "covered_lines": 1,
                "num_statements": 81,
                "percent_covered": 1.2345679012345678,
                "missing_lines": 80,
                "excluded_lines": 0
            },
            "missing_lines": [
                4,
                5,
                7,
                10,
                18,
                20,
                21,
                22,
                24,
                25,
                26,
                27,
                28,
                29,
                30,
                32,
                37,
                38,
                40,
                41,
                42,
                44,
                47,
                52,
                54,
                57,
                58,
                60,
                66,
                68,
                69,
                70,
                71,
                72,
                74,
                75,
                76,
                77,
                78,
                79,
                80,
                81,
                82,
                83,
                85,
                87,
                88,
                89,
                90,
                91,
                93,
                94,
                95,
                96,
                97,
                98,
                100,
                103,
                104,
                106,
                107,
                108,
                109,
                111,
                112,
                113,
                114,
                115,
                116,
                117,
                119,
                120,
                121,
                122,
                124,
                125,
                126,
                127,
                128,
                130
            ],
            "excluded_lines": []
        }
    },
    "totals": {
        "covered_lines": 1,
        "num_statements": 81,
        "percent_covered": 1.2345679012345678,
        "missing_lines": 80,
        "excluded_lines": 0
    }
}